Square_Footage,Num_Bedrooms,Num_Bathrooms,Year_Built,Lot_Size,Garage_Size,Neighborhood_Quality,House_Price
4275,4,3,1959,3.2762481232302587,0,4,896792.553841208
1418,2,3,1996,3.2870455436161015,0,8,353161.46132211224
3604,1,2,1966,3.3915992464563534,0,3,740286.5597469498
1451,5,3,1972,1.9401229245307636,1,8,338786.44407016825
2458,2,1,1962,3.9085900045282296,1,10,523387.09594019287
1995,2,1,1983,0.5658271649495408,1,1,397482.74798703607
1275,2,2,1979,2.9551333220111653,0,10,296291.0010075069
2028,2,3,1967,1.784789510533302,2,2,434165.89663405064
3620,4,1,1978,2.228191872759952,0,5,738643.2007694525
2863,1,3,1957,3.4149840482765392,0,4,582468.7977365239
3957,3,3,2022,2.813904680042026,0,5,885550.3826256534
1684,5,3,1988,3.9942018619295814,1,8,440726.2848162878
3617,4,2,1974,4.744286703325782,2,6,804727.9577270229
1395,4,2,1973,3.3056502373368337,0,2,336073.5215992294
3121,4,2,2016,3.927541442961482,1,10,728927.0713778214
4521,5,3,2008,4.5621747970041024,2,2,1039730.2135109294
2705,1,3,2003,4.100330444345905,2,8,628610.9650581649
3051,1,2,1999,1.4980189018654337,0,6,624411.6024682868
1069,5,1,1957,0.8366954233773787,1,5,234389.76681767975
1559,1,1,2003,2.528493277488637,1,4,364658.5286208398
3835,3,2,1958,4.011565382330714,2,9,806269.4033782159
1103,5,1,1985,3.770774739717069,1,1,280149.1863612468
3037,1,3,2014,3.3376142371239155,2,8,699683.2484112402
4675,2,1,2015,4.774548507107342,0,7,1033450.4577544982
966,1,2,1977,2.73066687604351,1,8,229698.9186636115
1401,1,1,2012,2.9874306561511244,0,4,321278.1795200379
2955,5,2,1962,4.542071287789558,2,4,684425.2003263966
1978,4,2,1999,3.8438669283412104,1,7,485380.95019563066
3869,4,1,2009,3.283371764231835,1,1,878704.0956397129
1062,2,2,1968,1.538575942669393,2,8,250362.35906874528
1888,5,1,1982,4.725483899386899,2,4,477884.3169302657
967,3,2,2006,1.0938439383078278,0,5,240302.2199712505
837,4,1,1967,2.1795852037065524,1,10,191117.1012230497
2406,5,2,1988,0.9307807463497879,1,1,533178.2402465394
4423,1,1,1965,3.865074573917176,0,5,888140.07598706
4691,1,2,1985,3.010673503178153,2,8,971514.7620428527
2482,1,3,1959,1.8663077216472812,2,6,507185.45440816105
2549,5,3,2015,4.374703847764904,2,3,656223.1627305328
1002,4,2,2000,3.7074995429757394,2,4,307101.6858385633
3800,5,2,1995,4.8896286274130984,1,1,888184.3038431654
2628,4,2,1987,2.4985186092334954,0,4,576020.0443075488
1459,1,3,2004,3.60805897016603,0,5,370992.4565584571
3097,5,1,1959,4.5030947824872145,2,5,697909.6503581115
1647,2,2,1979,0.5771740186183916,0,9,316130.2555576059
2827,3,1,1977,3.213677997739775,2,4,605143.9591154716
4798,5,1,1997,3.3450716789053745,2,1,1045202.3496436334
4988,4,2,1968,1.3341775058713017,2,4,1026397.2966122321
2148,3,1,1983,4.884114443651402,2,10,517515.4060050993
3940,2,1,1958,3.2170864636809324,0,10,804904.7205412153
1752,2,1,1979,2.77078561073463,1,7,373171.5899458196
3286,5,3,1958,1.4697534149039797,2,9,681361.2493428746
4518,4,2,1971,1.377540411973771,2,2,926094.1390762049
3004,1,2,1993,4.082033310922775,0,9,647388.2995956682
4291,2,1,1980,1.2714537951974423,1,10,862580.4983858576
509,5,3,1957,1.4386476548347282,1,1,140538.08318538152
4079,5,3,2007,1.4763031063874579,1,10,909836.0848436899
1545,1,2,1970,3.173372512563706,1,3,338170.31528112484
2224,4,3,2017,0.8646737470927555,0,5,518166.38138878136
1782,2,1,1982,3.981481542030496,0,6,400585.46235503367
2643,3,1,1964,4.617346392850859,0,5,572941.4282388942
1013,1,1,1977,4.737095837302702,1,7,248621.82614873745
3734,3,2,2005,0.6123479995402572,0,1,785248.3619879358
3391,1,3,1977,1.4555028842910107,1,3,694917.3008745462
4727,2,2,1955,2.7818709082712,2,4,976049.1314638923
2605,1,2,1991,2.6861784301068417,0,8,557218.6456389157
4933,3,1,2015,4.7693497781737,2,7,1096158.2899088082
2891,2,3,1982,3.9784402458751407,0,2,635097.3959198
3801,2,3,1955,2.4604015570542943,1,1,783978.6474904561
4646,2,2,1972,0.5141340772165495,2,8,915005.2948821838
3519,5,3,1966,4.009947471097449,0,10,788284.6902015205
4749,3,2,1970,3.8372117875330347,1,6,1007770.5792970627
2215,5,2,1966,3.7183390465110855,0,9,486872.0567091347
2484,3,2,2006,1.9031096163009589,1,1,562238.4809757017
974,4,1,2006,4.5104003287862104,2,1,280961.6803897855
1824,2,1,2017,2.0364137132193423,0,5,427947.1030973768
1521,2,3,2013,2.5087410061843767,0,5,377511.26849809097
2145,4,1,2009,4.6592918185759755,2,1,524818.9633293215
626,2,1,1959,1.178093691503752,2,1,113576.51237037641
3433,3,2,2004,1.1169025613544044,2,5,739205.5159327254
1779,5,3,2016,3.326537890596073,1,10,480192.24523579155
1495,3,2,1986,2.074752227883379,2,1,346932.6209008944
4343,3,3,1955,3.23784021146008,1,1,899382.8651584806
3652,2,1,1968,0.9244734183096963,2,7,734985.0630470021
3873,4,2,1986,0.5289584517355808,1,9,801313.0610758337
2700,5,3,1965,3.1087677069375115,2,4,617900.4948407207
2541,5,1,2005,1.4358036168022548,0,8,565562.7504321395
3011,4,3,1984,1.890301955306687,1,1,658260.7060110456
4915,5,2,1956,1.9939923240699433,1,3,1011770.8785945608
3371,4,2,2000,1.5803183321940493,0,1,736289.1245550752
917,1,2,1992,3.534798433162917,2,4,251359.79864274812
697,1,3,1977,4.061585934002835,1,9,202427.97400689824
2319,2,2,1998,0.8939689881250128,0,1,501720.6757217424
1471,5,1,1982,1.2019138866451993,0,3,341253.2207795087
3256,4,1,1968,3.007897588914388,1,7,701609.1002837394
3940,4,2,1966,3.2484682880826736,0,7,842172.2092376931
3247,1,2,2005,4.467035547233406,1,10,740174.0146550778
3095,4,2,1966,2.90915573531743,0,4,670894.0581247887
654,5,2,1960,1.4327284058045042,2,8,158636.70310577296
3068,3,1,1986,2.0759134599082865,0,8,654466.9454086807
3438,3,1,1980,3.3669261537099913,2,8,738091.5512277477
1106,1,3,1979,1.0757161603030243,0,9,219426.92448759972
1216,4,2,1973,3.094125969009893,1,1,299226.76708907617
2656,5,2,2008,2.490135244338016,1,7,619516.332475993
3919,4,2,2012,1.7409083199857658,2,3,875382.7427446679
4102,1,1,1975,1.8242003148670145,2,4,838955.4538986462
2179,1,2,1977,1.757371478792324,0,1,443005.62363881344
3722,1,2,1975,3.4402257431540626,1,7,781388.9356850483
3952,1,2,1988,4.984545453300421,1,9,875163.0460692297
2843,5,1,2019,2.508988648084469,1,2,691113.9194565738
4638,4,3,2000,1.4903990459212395,1,3,998439.2371139774
2469,5,1,1987,4.438031200511212,2,9,600564.2006890622
2876,3,2,2011,4.223104496717655,1,10,663568.5126665218
2324,4,2,1968,0.622625053778668,2,10,506990.3247570412
637,1,2,1990,2.8924746069401737,2,8,190828.13988469378
660,1,1,2016,3.5856524432013974,0,6,203447.4833684562
884,1,3,1964,4.072682236369841,1,2,217669.88490550494
1228,2,1,1953,3.318450582452878,2,2,269736.4362439106
1842,3,1,1977,1.2708273101975167,1,4,405144.670068021
2257,5,1,1968,3.1310064057462115,0,2,501305.5489940659
3804,3,1,1996,3.33517945315992,2,6,832386.3311958439
3213,4,2,1950,2.989003869762672,2,10,665309.7683934513
3290,3,1,1954,3.7595498284829283,1,10,696709.415289048
1322,2,3,1981,3.43827346162029,2,5,345655.79485490214
1270,1,3,1953,2.3934254079466664,2,10,264215.33977452776
4077,1,1,2003,1.816323914643134,1,7,848697.2899849606
1754,2,2,1998,0.9197215105017645,2,4,398823.2673263778
3279,5,3,1975,4.025750363803655,0,8,746167.7281082802
1993,4,3,1989,2.032451759659536,0,7,462185.7241886994
3824,1,2,2018,2.0609868936397353,0,6,802714.096172766
1175,4,2,1978,4.677725775363384,0,7,310471.3888855296
3008,4,2,2008,4.3855957865365855,2,4,716524.6919885611
4734,5,3,1969,3.773881536012927,0,4,1021159.6924822455
4030,4,1,2004,0.9751619568948799,0,1,844959.8412339088
3217,5,3,2012,4.368003786130716,2,7,779867.2165969982
1832,4,3,2007,1.0682201169847934,1,5,432387.0410257919
4643,1,3,2019,4.557123523791804,2,3,1021134.6211894122
1036,4,3,1967,1.9321791862357665,1,10,238220.48454485086
1581,3,3,1992,1.6225619193195453,0,2,342679.45001245977
4175,3,1,1972,2.633739333223939,1,9,869924.3421379088
1232,4,3,1964,2.028966090344797,2,9,297268.39963389
2481,3,2,1961,1.7530589586810785,2,3,513720.44181706064
3174,1,1,1976,4.986091483652099,0,5,678385.989963216
904,3,3,1957,1.2123675504752645,0,5,198204.1283050715
4452,1,1,1975,3.4318205749800157,0,3,914555.7450033635
1970,4,2,1952,4.413227371136498,2,8,453359.87163545546
3559,2,1,2003,3.2173294214312507,2,8,758946.7724048437
3972,3,2,2018,2.9200232063361944,0,5,878049.2511558104
3331,3,3,1969,0.8723031783065185,2,1,687869.2513012193
1145,1,3,2008,0.9193825380321261,1,3,275063.0991470561
3093,1,3,2011,0.6311983370994005,0,2,650748.6977489772
1010,2,2,1990,3.6955968825404177,0,4,246540.96593599638
1884,4,1,1957,2.1054592023047265,2,7,414166.584309186
702,5,3,1971,0.5257336161235517,1,5,183663.64645731918
3778,2,2,2006,1.5761414544553543,2,5,818613.7108034128
4236,4,3,1970,1.284095307404208,1,2,872676.434152397
2943,3,3,2018,3.350352831089572,1,2,690305.8227623077
4413,3,2,2002,4.750995794769929,1,9,983106.2224146987
2408,2,2,1975,1.13498417309608,0,8,476966.9362678016
1984,5,1,1957,4.376811682521021,0,2,472657.61431723344
3592,1,2,2016,3.634822720478255,0,9,777977.3901185812
1012,2,2,1983,4.564841064690698,0,9,264395.09178796335
2636,4,1,2022,3.9560244589094435,1,8,645781.7324767867
912,4,1,2008,1.055303668425184,0,5,233504.5137836983
4263,2,3,1953,4.361541774129966,1,4,893926.6294720689
3262,2,3,2015,0.8941608383267587,1,3,696027.2851612554
3618,3,2,2006,2.329505527136469,0,1,793421.1417884243
4061,1,1,1952,2.239790776852254,0,6,787420.4040749857
1865,2,1,1960,1.393209835724071,0,7,366797.3447576696
1394,4,1,1983,4.352596245561846,0,5,338350.5954344411
3419,2,3,1999,4.130409037051067,1,10,772740.0707275409
4351,5,2,1971,3.6303109355932612,2,1,944921.9815744858
4952,4,3,1995,4.725027320185737,2,9,1099211.6405116057
1399,2,2,2003,1.6805433505142557,0,3,310271.2636685363
1268,5,3,1954,3.0768928390201307,2,8,321199.3469094537
1981,4,3,1984,3.9537447376581745,2,10,489595.41246134235
2193,5,1,1968,3.6618809263620298,0,10,497340.9981159924
3736,1,1,1955,4.962632330176033,0,7,758293.3788835382
2606,4,2,1962,4.055066787019469,0,2,572024.023634332
3396,3,3,2007,3.668374720946026,0,10,762080.8235471162
4056,3,3,1992,2.7975280793420216,1,4,883819.0911218557
2954,5,1,1970,1.6620395884977202,1,4,627923.6171994702
2353,3,3,1956,4.026975750577622,1,5,534464.9120087984
3783,4,3,1963,4.626239216904121,2,10,839074.0204275192
4926,2,1,1993,4.699072554837388,0,8,1041740.8589249004
2417,4,1,2003,3.9158911965003727,2,8,580272.8715936985
630,3,3,1997,1.0142859649909075,1,8,173875.03721558454
1650,5,2,2022,4.098730611284238,2,9,474045.8427124246
4219,1,3,1999,3.4350590890959833,1,1,907601.7861704029
1752,3,2,2009,2.8053515609918627,1,6,432824.65856336313
2475,5,2,2011,4.235679423490632,0,3,594005.0065233838
3787,1,1,1952,2.482580876055383,1,6,745395.8553692064
2139,1,1,1999,0.6110787075106308,0,10,422950.9047116141
3683,4,3,1989,2.362223593943581,0,5,801206.2036701888
760,2,1,2011,1.8337640309387755,2,3,211508.5901215244
3419,3,2,1962,4.407848545736219,2,5,752101.9024207598
4443,4,3,1976,4.741456728546074,1,1,981190.782911222
4685,5,2,2017,0.9147558131259454,2,1,1015603.7016174662
4277,5,1,2015,0.772722084717094,1,7,927092.4059599083
1199,1,1,1953,2.45927140779081,0,2,211038.85316259583
3624,2,1,2022,2.0617806582472773,1,3,786580.3015186453
2182,2,1,1967,0.5712042739856937,1,2,408013.5790622347
2292,1,2,2000,3.1153794067443044,2,1,512734.77889379323
3586,2,2,1964,2.568428688468076,0,10,724033.5604571347
2486,4,1,1979,2.366668037250262,0,7,543734.421890143
4929,3,3,1971,4.057342296222531,2,5,1062899.029267778
4474,2,2,2022,3.4097019977689786,0,2,985699.1860734548
919,2,3,1985,1.1078606580159231,2,6,217213.6452196605
4993,3,2,1966,2.237953967676638,1,3,1020324.7565966452
4650,3,3,1955,3.531657800939704,2,10,988234.6180212417
1100,1,1,1976,3.370558435488327,1,2,241079.3234902556
2871,5,1,1974,3.4269136197073893,2,6,636552.7524853058
1360,2,1,1981,0.5996366396268326,0,5,262382.8522740563
2055,1,3,2011,1.8635787814191351,0,3,460741.2339285246
4670,4,3,1977,2.8093238769055047,0,10,1001847.3602497705
3946,2,1,1962,0.927087985703058,1,8,779202.6809723858
4889,4,2,1991,4.825217370695743,2,8,1064004.872579212
4590,1,3,1958,2.768016936183467,0,2,918893.7439235622
1800,2,2,2004,3.3756447151171436,2,10,443408.30597782374
4789,3,2,1968,1.9289956094127578,2,4,988358.2476373827
4991,2,1,1996,0.6867462523238574,2,1,1023975.1331555477
4863,2,3,1983,4.7169902521385465,0,9,1047149.2482085732
3419,1,1,1972,2.805281407595683,1,1,703413.1109446795
1213,1,3,2017,1.8702163973702788,1,2,305026.7707546245
4951,3,1,1982,1.073685560631108,2,3,1017583.4273609958
3885,2,3,1983,3.251014709974911,1,9,838719.430503504
1743,2,1,1962,2.708442530205622,0,5,344363.2736819858
4636,4,1,1969,3.6486734274476427,2,7,985351.0239129456
619,5,1,2020,2.852420637028414,2,5,224507.20014868546
3951,4,2,1971,2.714245202220803,2,4,851472.5994111879
4646,4,1,2012,4.974868704014931,1,7,1046163.3264236907
1376,5,2,1986,3.4889077088230356,1,8,348893.55395287194
3794,1,1,1987,2.0768596250458886,0,1,783176.6365627198
4597,3,2,2016,3.680770351012435,0,9,1006939.6644174114
895,1,3,2021,2.146486143005962,1,6,235478.10213396218
3175,5,3,2004,4.040187533182891,1,4,744681.397063456
2182,3,3,1953,2.130940951771231,2,5,470978.4795328964
2565,4,1,1987,0.7485013433436281,0,2,527544.910534171
3195,1,1,1962,3.913258464123758,2,1,663904.9927177994
3554,2,2,1994,0.8001224663245199,1,9,734201.4615779822
2253,3,2,2012,3.95657680271397,1,4,551444.6316158974
2538,4,3,1998,4.892147143700917,0,10,611557.8808542505
2688,2,3,1997,2.2904787900066035,0,10,601890.2919093702
1515,2,1,1975,1.0206559318113597,1,3,327253.4579829949
1424,4,3,1954,4.428989792439024,2,6,379005.71186711837
3974,4,3,2018,4.219934258572882,0,6,928059.7129533672
4985,1,2,1990,1.6080987243677005,1,5,1032002.2381140393
2979,4,2,1993,2.1702628220878912,0,8,646766.2897519646
3201,1,1,1978,3.2774846264505535,0,5,662119.9410580613
3090,1,2,1954,3.0479675708867746,2,7,641013.919122572
4706,2,2,1998,3.6068257485998236,1,7,1000021.7606809204
3046,5,2,1956,3.6611975371481096,0,5,676719.1220590248
3728,2,3,2003,3.4751330529291344,1,7,816939.5874308393
1848,2,2,1952,2.8403332750001766,0,8,381998.6086592969
3203,3,3,1950,3.648604590764188,2,2,673586.747670695
2131,3,1,1959,4.9483474159795104,1,6,457643.0980423783
2535,1,2,2017,0.774532143524277,2,5,533656.3940212176
3058,2,1,2017,1.498552073529678,0,2,672852.0519810001
2538,5,3,1968,0.784131318173261,0,2,551463.8888534079
2743,4,2,1981,2.2014534640435284,1,5,606157.4972713309
1284,5,2,1976,4.219782554761199,1,7,350816.184399563
2302,5,2,1957,2.2060744626904114,2,3,501913.64710804133
2476,1,3,1992,0.7956145242034665,1,6,513292.75970622
3467,5,3,1953,3.8918033169260204,1,4,760678.6016673865
2323,3,3,1991,1.5171493855489344,2,5,511645.2377877411
3568,2,3,2022,3.9462306765570943,1,2,818706.7764361517
1453,4,3,1970,3.551512239293939,0,4,367172.5872737959
3948,1,1,2017,1.759516935108921,0,5,823529.5488742903
725,2,1,1980,1.608287084647392,2,6,165242.29785174478
2119,2,1,2007,2.3347209679935137,0,4,468251.3632686849
2178,1,2,2013,1.101427616347331,1,10,480961.44203831744
1304,5,2,1968,4.849463824484371,2,6,357477.33266695193
3361,4,1,2022,1.6413599998131723,2,3,762769.5055574658
3372,5,1,1986,2.4906493989608847,0,4,733900.7559066785
3353,4,2,1976,1.9571880870609413,0,2,701368.1143168806
3398,1,3,1983,1.2607780029787232,2,8,706686.3209428937
1419,2,3,1955,3.047322409016743,2,6,312202.08717502066
1814,2,2,2002,1.0277606651020026,2,5,405940.62394306617
4965,5,2,1977,3.0314984057287133,2,2,1075864.2810329462
1023,4,1,1997,3.4612474273754934,2,2,287822.37687763135
2836,4,3,1981,0.5060582193045366,0,6,605369.8615424815
3856,2,3,2014,1.2438602876208258,2,5,824351.6710960343
3876,2,2,1994,1.4805891871340606,0,9,795928.1818267058
2357,1,3,1997,0.5827376396821877,1,3,503962.1877251642
3554,5,2,2008,3.214364745266004,2,1,826606.0146181242
4999,5,1,1952,4.662712289043565,2,5,1060976.488572305
4266,2,1,2008,1.3992857207687277,1,10,901471.7427249742
4350,2,1,1968,0.6350959946708234,1,5,877752.3422257571
2622,1,3,1971,3.4020630738156017,0,4,561747.2624036099
1456,1,1,1983,2.541105499652754,0,6,297387.92248393584
1443,3,1,1991,1.1926377940230726,1,10,320689.21882179775
516,5,3,1959,3.57554199833379,1,1,171023.95659837997
3772,5,1,2005,0.5708431084805464,0,2,819125.6470544274
4864,2,2,1997,1.0686041659152976,2,2,988325.4879158875
3160,3,2,1974,1.358266944159026,0,6,645375.2217757016
2185,4,2,1981,3.9416043760667474,2,5,504176.5060593679
2338,2,3,2018,4.071067945424607,1,6,560304.6612210645
3702,5,1,1984,2.892098285487469,0,10,809686.201143527
970,4,2,1981,2.3488569132822343,1,1,258717.68020973942
3830,3,2,1983,2.8541435931372434,1,4,827140.4447152761
4096,1,1,1982,2.7360298332502198,2,2,826494.0471232897
1269,2,2,2006,3.5550397628502823,1,9,335332.59275293903
3482,3,2,1999,2.778486392094205,0,8,775422.1168993582
3728,2,1,1984,1.629860466493255,0,6,771385.1497807608
3231,1,1,2017,3.9843620732506784,1,10,731490.1175330897
2222,1,1,1994,4.813240260504831,0,8,515813.7578353911
4646,1,2,2016,1.1281949031191005,0,9,965317.5061019753
3995,2,3,1981,3.4997768819571755,2,6,872258.3925462884
1353,5,3,1996,1.9026042283176865,1,1,354054.70019158506
724,2,2,1982,3.319056588546172,0,5,194628.72736203528
1454,4,1,2010,2.9946050654736607,1,3,369854.9244932172
2651,5,3,1970,2.7150454183208375,1,6,601083.947569366
1515,2,1,1974,1.63690713779579,0,6,300935.18607341987
4533,2,1,1971,2.8562024621867526,1,6,940711.9831153804
3854,2,1,1974,3.2734152150480336,1,8,811129.4971755756
646,1,1,1956,2.3105072985679973,2,4,146406.89625235138
4223,1,1,2012,2.575251055642595,1,9,884677.6890798345
4607,4,1,1983,3.1547654726081396,0,10,978190.835072989
4925,2,3,1959,4.896642544453292,2,7,1034380.2041616677
3677,5,2,1987,4.332174436868986,0,6,847131.2132821754
2714,3,1,1967,3.413824091795134,1,4,574450.4841823126
4688,5,3,1983,1.9167162320824196,2,7,1004456.2194818491
625,3,1,2007,2.3893191395884292,0,2,185569.89426877032
2990,1,2,1986,3.9718042789931944,2,6,663456.3939054122
862,2,1,2012,2.7166955234981636,2,7,234762.8244790115
509,2,1,2005,4.019228461686913,0,3,179398.43319315853
3690,3,1,1996,4.888309891889787,0,9,814843.6877321303
1074,2,3,1986,2.7453700261119467,0,6,251724.67925135954
3224,5,1,1964,4.608016001314589,1,5,705754.4319783618
2765,5,2,1992,4.124866611092257,0,5,652434.7052233267
1223,2,3,2017,0.7275163458179252,2,9,307116.6791374497
4297,3,2,1957,3.2651859988023406,2,2,910000.3859570917
2704,3,2,1950,1.1829893443299593,0,2,539133.0843265855
780,2,1,2008,2.590759259640369,2,1,217462.44505708842
3461,5,3,2009,2.5380998162042485,2,8,798362.7750475319
3719,4,2,2016,2.25767123411802,1,10,828512.1019589091
2560,4,2,2015,3.8025741965084126,0,2,622100.1895022333
1059,4,3,1957,4.180353375447632,0,2,263760.9441483153
4742,1,1,1977,0.8358729398574296,2,10,931856.9695152728
1639,2,2,2008,2.281827149364222,1,9,395042.35505971045
2982,1,3,1956,3.5660885595860696,0,4,626454.2784147046
888,1,3,1972,3.2865756442411174,0,3,215993.8951157028
1108,5,1,1984,1.9048836569792165,2,7,285546.501684919
1705,5,1,2003,1.166978579446961,2,10,400306.9574091656
1228,4,2,1959,3.0040529262145537,2,6,287478.2675046062
4658,1,3,1987,4.544545503818065,2,6,1021278.340082141
2261,1,1,1962,0.8456334848117657,0,6,439898.8032648414
1332,4,1,2006,1.7701811168581978,0,7,317780.5942863934
801,4,3,1973,4.733479848602754,2,10,258111.6713724362
4579,2,3,2005,2.595571437930258,0,10,987442.6840517226
2395,2,3,1990,2.473055218627602,2,2,534533.0200368982
2494,3,1,1990,4.112830440479957,1,3,578870.7619594942
4761,4,3,2000,2.4717952249985986,2,4,1041122.1131331322
1569,5,2,1969,1.0634925178257415,1,4,362679.08775021497
1138,2,3,2022,1.9595561346277508,2,9,315357.48101832974
735,5,1,2002,3.443720694287443,1,4,238459.11589080206
4812,2,1,1965,1.7282749762916954,1,7,961367.1393329063
1213,1,2,2004,1.29736625455036,2,4,269665.86139839556
2163,2,1,2019,3.446190839103346,0,7,521205.600976709
2643,3,3,1966,0.7164153968541594,0,9,530326.7865334606
2579,2,3,2010,2.70066098888429,1,5,603812.5887922472
2527,2,1,1998,3.548630366705628,0,6,551967.8882668803
1714,2,3,2008,3.7837035792384,0,10,431423.2948124018
1484,5,1,2010,1.246554609668538,1,6,360372.9780385626
1576,3,2,1978,0.9291722102287638,1,8,340980.72481778456
3230,3,1,2011,2.9601334773335295,2,7,734110.0243598827
3537,4,1,2018,1.9944940248865606,1,1,769763.673034886
3126,2,1,2014,3.211114238165548,0,1,708104.0557380343
4507,2,3,2014,4.122336786796645,0,7,985499.1963159838
1475,2,3,2014,3.790924338664833,1,5,370167.09090271546
2016,1,1,2021,2.6074858367021605,0,3,450594.56797660363
3842,2,3,1991,4.681797810179267,1,8,863289.3969030941
2650,2,1,2006,3.62000819180618,0,7,596659.3685492761
1909,2,3,1968,1.4886805567613017,2,5,390430.22237748076
1562,1,1,2003,3.2882716712521503,0,2,370689.5462510848
4256,3,2,1964,1.0490333610960008,1,2,852368.6069601658
2257,3,1,2002,1.6375929980709785,2,10,496427.1035646905
1791,2,1,1984,2.430432193284007,0,5,355281.41848528635
689,5,1,1996,3.8868723233232623,2,2,227515.3002879812
1304,2,3,1960,2.4492340009182487,1,9,277832.10571177263
1217,3,3,1996,1.7726050880172488,1,9,314916.5292154408
3891,5,3,1990,0.8691065834516188,1,3,833111.8086328949
594,2,2,2022,1.0104836769676253,1,9,158856.84303466187
2693,3,3,1996,4.952442946008342,1,9,648718.3260877142
3677,1,1,2017,4.8301765097412055,1,9,806645.0448680979
2778,1,1,1991,3.4811777612372365,1,10,605371.7047170609
4993,1,2,1957,4.595958656904905,1,6,1038319.1650899692
749,1,3,1985,0.5754033702157209,1,7,146020.40342022013
3531,4,3,1999,1.796024056658185,2,9,771922.849821314
1858,1,2,1989,1.541660431608447,0,8,376032.36153657595
3920,3,3,2002,3.2854620411436466,2,10,881016.0047742793
974,2,2,1986,2.336535755716654,2,1,234261.64997473895
697,2,3,2015,2.327053107677498,1,7,216591.97111921213
1717,1,2,1962,4.322903969695556,0,7,383644.17774445907
3998,4,2,1976,4.768263244481877,0,8,866618.3890237983
4922,4,1,2018,4.23375289844731,2,2,1108236.8362913695
1743,4,3,2008,2.5807602961064333,0,5,435500.94479437906
2886,5,1,1957,2.9345130451744814,2,5,619360.9693678387
2146,5,2,1998,2.2201351338985624,0,4,510968.1406545
2310,5,1,2011,0.7704338467017657,1,3,523323.0670600654
723,2,3,2020,3.084965401424926,0,8,236865.43918275138
2762,2,2,1976,4.5109319286213445,1,6,619407.6279156839
4145,3,1,1993,3.2243529087841427,1,7,898283.8867356428
3781,2,1,1989,3.1640757925507828,0,9,792681.5184200833
3622,1,3,1966,2.497567245439602,0,7,734501.9542665192
4656,1,2,1959,2.2920250728110525,0,2,913774.3890331694
3212,4,1,1975,1.7552213423306453,1,9,665969.5719032948
4046,1,3,1978,3.2012665723761664,1,7,863034.675749834
4143,3,3,1969,4.953903860342006,1,8,891638.5086964626
2827,2,2,2013,4.512698893412357,2,3,640767.2241513439
3414,4,1,2006,3.0580920432857295,0,8,748136.4563894381
1166,5,2,2008,0.9111834718718415,1,10,319601.3915396029
505,5,3,1954,3.881538250067046,0,3,159121.4656145035
4127,1,2,1990,4.216629682922137,1,4,886568.3132277146
4632,4,1,1977,4.650653681015463,2,10,997885.7696999718
3038,5,1,1967,2.854458747368937,0,3,647006.812552705
1516,2,3,2017,4.290464771374703,2,7,397346.1108776756
4347,3,1,1966,4.231914053565918,1,3,895675.5548211845
2186,4,2,1978,0.5391776617814461,0,6,441315.08847493527
735,5,2,1973,3.416472655403555,0,9,198659.21988081493
4384,3,2,2017,2.9661456049890806,2,7,985223.9966541852
555,2,1,1962,1.5525361916249156,0,2,111626.85342361582
4262,2,1,1978,3.4018755026674095,0,9,894261.7196452515
3245,5,2,1950,1.5182386286746992,2,10,695195.3585354679
1188,5,3,2020,1.5157747572760734,2,3,342365.20713846444
1620,4,1,1985,4.74767727564406,2,7,418003.15725851554
1346,4,2,2018,1.6672478033443832,1,8,351280.4162027617
4776,5,2,1971,3.9916018976328766,0,10,1038652.4247755758
3843,5,1,1985,3.813079145602249,2,8,853001.1125510683
2581,1,2,1989,4.016775414839819,1,3,570399.7427677898
3116,4,3,2001,1.8304454372561838,1,3,696224.0924052008
2310,3,1,1988,1.3696223685537567,1,4,494537.51154549763
1428,4,2,1985,4.201225921806022,1,3,369407.96419171983
4209,4,2,1966,4.392331723018408,0,4,896600.4885198027
3324,1,1,2014,0.688934430093147,2,8,697574.5556670319
2431,3,3,1987,1.054546590723462,1,5,505877.59815497726
1167,1,1,1967,0.9443174309719964,2,10,219652.59801356145
1563,5,2,1976,0.528158619619116,0,8,336153.4280264353
2074,2,3,2010,1.4191104151047536,2,8,473734.215407891
3024,4,1,2001,4.480624818145345,1,9,698124.6114710766
1314,5,1,1972,3.998549602320735,2,5,341956.2674322983
4995,3,2,2007,3.6800399015496494,0,2,1092026.89678641
2547,4,2,1986,3.715885737089259,2,8,586086.5685389101
3867,1,2,1952,1.8854887190731224,0,2,760436.8893623694
577,5,3,1971,2.0831225288465864,1,10,185557.69648043357
3388,2,2,1987,2.679549918311789,0,1,705923.3148916194
503,5,2,2018,1.3750143999425988,0,9,206042.35131646442
2196,3,2,2009,0.7447583683504003,2,8,485376.42332357954
4094,4,1,2021,3.795748009688997,1,10,933332.7201261587
633,5,2,1977,1.280043738388764,2,5,176494.35410241215
2081,1,1,1966,3.866723718744585,0,5,424881.192942697
3961,5,2,2000,0.815015804598796,2,3,866877.3524150968
3229,1,1,1960,3.365427726699472,0,7,645145.5398468642
3499,5,1,2021,3.5004735940275373,1,5,804433.8093218554
701,5,1,2009,4.160455170459189,1,9,246717.9663664509
4363,5,2,2018,4.9338672452927845,1,3,1008539.1562343481
1582,5,2,1956,4.4852889390879795,1,5,396246.3588887452
564,5,3,2018,2.8448293572877454,2,4,242865.9315016322
999,2,3,1977,1.241981494543123,0,6,226125.4126756759
3332,5,2,1962,1.751447817798604,2,2,704212.5239765074
2136,4,3,2021,3.8130299713784757,2,3,551859.0856947603
4880,3,1,2008,4.66035110929355,1,5,1075814.4318808403
4177,4,3,1952,2.0178992936805242,1,5,870212.7996762642
4390,1,1,1960,4.1926944095446395,2,5,912468.0479046734
1577,5,1,1998,1.623974731009339,2,2,370970.3860521568
1756,4,2,1962,0.7036213505849953,0,10,364834.6821527956
4606,4,2,1990,0.6252975840983603,2,8,974421.4462019108
2949,2,1,1997,2.4546267416354794,0,7,641526.9853657566
4400,3,1,2017,4.521175639025592,2,1,987241.4297302739
4677,4,3,1964,2.017862764103689,1,1,965304.8489878176
3435,4,2,1965,4.100928564576106,0,8,729494.9061684583
3056,2,3,2018,4.315675476935068,2,3,735678.4622017285
1622,3,2,1954,2.0120317654554896,1,2,325380.0022571336
2565,1,1,2004,1.038028989884254,2,5,530476.1232749791
1702,2,3,1994,2.8023736213355632,0,8,402002.4844273374
1135,5,2,1990,3.9432214796754486,1,5,329218.5249164853
3135,5,2,1988,0.7038258962588485,2,9,663727.5441240586
4425,4,3,1989,3.599431433651144,0,9,967287.6138508852
2526,5,2,1978,2.6797603352038215,2,6,567108.4842135326
3572,4,3,1958,0.6911145916543993,1,3,729385.5524036873
1829,4,3,1959,3.4170615382194365,0,4,417900.59093719104
4623,2,2,1955,4.357362456768149,1,7,972040.0599877926
1641,3,2,1996,0.9046231018686604,1,3,364016.40122898977
3917,1,1,1988,0.8675027413704332,2,7,780363.0627911759
2570,5,3,1962,4.522933422711324,2,10,605600.9507407207
643,5,1,2009,1.9949250692629472,1,7,213397.79303700433
1960,4,1,1972,0.6616858198368785,1,3,407600.3914029592
3423,3,1,1960,4.5714485375605305,0,2,731262.2024937344
3610,1,2,1979,3.434418778467428,1,6,774150.0468123948
4376,2,3,1997,4.383540707302521,0,4,953339.7306451157
2031,2,3,2013,4.010851708173478,1,1,496840.5291926289
4481,2,2,2003,3.9810744577882415,2,7,996696.835850388
3827,3,2,2006,2.3729812648040722,0,1,827143.776401641
4561,2,1,1954,2.171686746467454,2,2,907358.632995708
2068,3,1,1965,1.397773917183238,1,5,414808.65431769955
2470,2,3,1974,4.014137103737407,0,4,543160.4942000011
3810,2,1,1981,4.245877325346138,2,5,821117.7482116626
4298,5,2,1984,2.2065194173120206,2,3,919295.8540615214
3404,3,3,1977,3.529608977095392,0,1,735850.8123421574
917,4,3,1953,0.5613531075761966,0,6,191907.6525048871
3401,5,3,1996,3.5424726161645834,1,5,786584.6102391081
4127,5,2,1992,1.0261559098642616,2,1,909713.4350007039
1293,1,1,1968,3.173638382404059,1,5,279607.45517641783
3266,5,2,1983,3.7078069813742975,2,7,738226.711971728
3814,4,1,1996,2.4398908818048026,1,2,834587.5117736553
4685,1,1,1956,4.70827439026922,2,6,955223.3951427989
753,4,1,2015,4.146163640147891,1,6,252963.35620761316
2658,1,3,1955,3.7590464642537715,1,3,551324.4886576998
4913,1,1,1972,1.177736464482233,1,4,977158.5923179968
1560,1,1,1999,3.6104531422394315,0,9,359657.9955923103
2641,2,3,1998,4.564358504754931,0,7,621862.7654183527
3608,1,2,1972,4.729693063864201,0,9,775773.2237663032
3712,5,2,1961,0.8944242628759398,0,10,747938.7115439639
2989,1,2,1963,2.0194218589965556,2,5,609401.0845045892
2042,2,3,1987,4.075163680340777,0,6,475471.17666867917
3670,3,3,2012,2.0637818709133144,1,7,813296.8090259811
2207,1,3,1962,4.563921775444422,1,1,492112.0397149675
4712,3,2,1985,2.573014234250701,0,2,976572.7481782682
3889,4,1,1970,1.932368426115563,2,1,796470.173239297
2294,5,1,1968,1.0969005992042893,0,1,475767.3504503976
2193,4,1,1996,4.731886432853361,0,6,530004.3428420601
879,4,1,1996,0.7189594864777099,2,4,217010.48526715022
2431,1,3,2009,1.5442508286552021,0,10,538851.8933945443
742,1,2,2002,2.1385074875472476,0,10,181191.0670440434
4077,2,1,1989,4.687891143583819,2,6,886451.6346786668
4800,1,1,1974,4.582620249603826,2,1,1018026.9936582922
4187,5,3,1997,2.619275264476315,2,6,950877.0053637534
2985,3,2,2006,4.620525045177424,2,5,717150.4421296231
1645,1,1,2002,2.1269362943931736,2,9,368670.1351204142
3208,2,3,1951,4.267683532123289,2,2,672640.7862957919
1171,3,1,1958,0.6937358122205086,1,6,206781.75744307123
1565,3,3,1959,4.933285497908036,1,3,368640.65842693445
3306,4,3,1978,1.7503032344295448,1,8,708003.0797050629
2073,2,3,1963,3.4825832339437475,0,8,438849.2345292175
2365,2,2,1987,2.588300102320271,0,10,510534.16038350627
2233,5,3,2010,4.106065963432139,2,5,573797.9393068494
3428,1,1,2011,1.2350149164007576,1,8,710065.5617561329
4219,1,2,1993,4.931805847851923,1,8,923122.1141786919
3179,1,2,1999,2.977122996963232,1,10,683723.1607044176
2935,4,2,2013,0.5601545746672804,1,9,656980.4604282172
534,3,1,2016,2.527153571617679,0,10,187508.58531168045
3332,5,1,1990,3.1317738425999693,1,6,755402.3726912518
2944,1,3,1996,4.0361569046076795,1,3,660979.0474886918
3459,5,3,1959,3.09476303208373,2,7,759151.2379465501
4491,4,2,1994,3.399155256428652,0,4,965816.6681107299
4213,3,2,1955,2.059514419174464,1,9,845932.4082879503
3868,1,3,2014,4.26888875334225,0,4,864309.0323581436
4671,4,3,2017,1.9312230764791343,1,7,1028282.3118218937
1748,4,1,2002,0.9479593076394881,2,7,394408.57694920874
4500,4,1,1996,1.8227709545760389,0,1,940080.4444014952
3640,2,2,2006,1.8219915777847584,0,2,788471.7465500822
3986,3,1,2008,0.5226194867441141,2,5,827741.1738157432
1275,5,3,2006,2.191122571307388,1,4,354189.0054772034
1146,3,1,1998,2.3205589538180784,1,2,281313.0614448485
4789,3,3,1998,4.118430513351168,1,8,1033816.8247013512
762,2,3,2022,3.3488269407478084,0,10,237070.70570459962
4081,1,1,1997,1.404793184224753,1,7,834105.7943401121
2168,2,1,1995,1.202161151029896,2,7,465144.0719417193
4483,3,1,1971,1.7230393223605813,1,1,921002.2482228519
1562,2,3,1967,1.391429825241303,1,10,355453.1829292205
2233,4,3,2006,2.3900183333663225,0,6,525760.8806101802
4782,3,3,2006,4.62471485739085,1,10,1067425.216621323
598,4,2,1983,0.6905402544757273,0,7,155471.16626013073
3431,3,2,1970,4.321305524757669,2,7,762159.3914733424
4082,3,3,1973,0.8610001090507133,2,6,857205.2452653883
2824,5,2,1971,1.4616416370664778,2,6,591174.1368528144
3282,5,2,2001,2.383620284891701,0,4,752791.6325948103
4007,2,3,1989,4.659144235714022,0,2,897176.5668201512
1869,1,1,1980,3.018104845094039,2,10,396681.2860961783
1422,1,1,1958,4.837204223953131,1,1,313266.83650286886
3962,4,2,2016,2.979729289827196,0,6,868356.2431862867
3268,4,2,1983,3.1087902476038645,2,2,742599.2533323644
3604,1,1,1995,1.2140549316035822,2,6,730047.4973881331
2316,3,3,1999,4.740725543010246,1,1,570289.0160760867
2556,4,1,1983,4.771403119314011,2,8,607698.7371081988
3401,5,1,2013,1.0149418337556135,2,2,756373.8420634224
4175,1,3,1962,3.452247598890668,1,10,848824.7742976189
3113,5,2,1999,3.7815563431113937,1,2,731331.6610567131
2796,3,1,2000,2.7521479214002316,1,2,621460.4905680827
2625,5,1,2001,4.19192069116559,0,4,625113.6084591298
3647,4,1,1993,4.695452412029949,2,5,827205.303959231
4136,2,3,2017,2.112505955022532,0,3,894174.439544655
1039,4,2,2007,4.530640834397175,1,5,322312.8625079516
2690,4,1,2017,0.6058962248634445,0,2,574383.5478606392
3579,5,1,1979,2.856036107884351,0,7,765780.0440479134
2680,4,1,1985,3.87512785463986,2,3,600207.3340100806
1566,3,3,1991,3.244737013682233,0,8,367024.37943296967
3505,2,3,1968,4.433768069706617,1,8,745670.6371477235
3636,3,2,2020,1.4821694271217827,2,3,818671.3913349382
3039,4,3,1995,2.9435964389004385,0,3,697780.778011206
1222,4,2,1974,2.644075720577298,0,8,291123.86737050366
3306,3,1,2017,1.8611556312556696,2,2,733612.8163648158
1796,4,2,1984,4.492036927506643,2,7,442278.7666177528
1163,2,1,1976,2.5879555915899126,0,5,244030.4071335913
4219,2,3,2014,3.132852989927914,1,7,909745.2997917285
2306,1,2,2014,3.637739385742356,2,5,530824.1967752124
1370,2,2,1973,3.1482722082154497,1,4,304730.506229004
3766,3,2,1981,1.7856481732014404,2,1,799178.3100544005
3193,2,1,1969,2.8792598859429606,1,2,639073.1842415399
3002,5,2,2014,2.4400058229365227,0,4,690243.7506863925
3921,2,3,2005,3.7902080500471276,1,3,889364.8170683798
4768,2,1,1978,4.028927784643701,1,9,1017321.3952750646
2455,3,2,1953,4.951479892809876,0,10,527393.5128875901
3505,3,1,1983,4.126905053904126,0,3,753186.167662594
3876,1,1,1974,3.6259419776457893,0,5,793323.8127937265
1274,4,1,1985,2.95147502142255,0,10,304653.63604893
4312,5,3,1969,1.6903211179497721,2,2,919941.4098368196
1376,5,1,1992,1.8707106009838572,1,6,335417.6369743354
2661,1,1,2007,2.4167196881012276,0,10,564747.6546436538
4002,3,1,2010,1.073162630515465,1,10,860129.7292090545
955,3,1,2015,3.7270425581248707,1,2,267185.26764160517
3932,3,2,1970,4.94975989125124,2,5,865263.3836358162
3057,3,2,1966,1.4187495162570936,0,2,624112.1600204634
2469,5,3,1960,4.0143373863999585,2,2,583183.4309103092
3824,3,2,1971,3.0256505513371583,2,8,809782.1662261934
4932,2,1,1972,4.479598177050891,1,2,1040389.0481357794
4996,5,1,2003,1.8681362260159984,0,8,1070454.2752476104
2490,5,1,1950,4.16874348990752,1,10,567376.4006946473
3755,2,2,1992,2.596215889504061,0,9,788150.9318106314
2334,5,1,1966,2.3511855713566523,2,7,515300.5927029035
3848,4,2,2016,1.7531182801739855,1,3,841676.0140843305
2444,5,2,1960,0.64300317960796,2,9,523988.4313016928
2323,5,2,1976,3.928476253380998,2,2,548288.2433774915
3378,5,1,1988,1.7347307234116436,1,8,734156.8160862669
4033,3,2,1995,3.224665627366754,2,6,889107.6929684004
2548,3,3,2003,1.7588568549608197,2,6,574912.7662317117
1667,1,2,1954,1.3653945321513237,1,8,302975.3037628076
2027,5,3,2002,4.467270379450989,0,10,539478.4031506823
1691,4,3,2011,1.751581199689756,2,2,427302.04370052734
2692,1,3,1959,1.0812850035939967,0,7,525408.9155105908
3493,1,1,2011,1.1401485789956693,2,9,724420.5096752369
3944,5,3,1990,2.475930043628728,2,8,879796.9835223783
4527,4,2,1951,1.000117162994056,0,7,898403.5372117123
4974,5,2,2000,3.7095614063750157,2,10,1107045.062935083
3572,2,2,1957,1.827825571689392,1,10,720713.4288162608
732,3,3,1953,3.044389854234841,1,4,190802.0703078011
2897,1,3,1965,4.017269656383796,2,7,625246.1179756841
3349,4,3,1958,4.504476769130689,0,5,749571.2916347987
1960,4,1,1977,4.255659286678725,1,6,466251.49161970714
664,2,2,1982,2.296250575299588,2,8,170024.87591657112
988,4,2,1986,3.542564289147306,2,6,294558.07202157495
3944,2,3,1981,1.4024884003036993,2,10,822030.766712673
4664,5,3,1979,3.003476032656857,2,3,1010183.5001098072
2933,5,3,1973,4.781489129265565,2,9,701133.8041471172
3411,1,3,2014,0.8119774867449414,2,2,719969.4352945103
2500,2,2,1990,0.7330364992976759,1,8,517128.7578663306
1414,5,1,1996,3.6519430962042674,2,9,372292.60339231836
3277,4,3,1996,4.7010698755594165,1,10,752466.6746666236
864,5,3,2012,1.0958207607340458,0,7,250123.469112831
4137,1,3,1976,4.428587273133722,2,3,887527.9071799915
2548,5,3,1950,1.3220257290785067,2,7,547523.9110807307
2348,4,3,2002,4.676458259794039,2,5,594755.3248280677
1123,5,2,1950,2.6117835229660566,2,2,267132.4135848208
1863,5,1,1953,1.3177548195267041,1,5,376388.0216286443
3314,5,1,2011,4.301880473703347,1,7,779336.1178319983
3646,1,1,1994,3.9809873383919925,0,9,794010.0167336396
2105,3,1,2021,0.5435909723343548,1,10,472291.952524426
4014,1,1,2013,1.5574742489061122,0,10,821146.2339055584
4844,3,1,1952,1.9384342488142814,2,5,979926.7246149519
1095,1,2,1974,1.4485165220960972,1,10,214492.39812518295
3976,5,1,1955,3.90350421312299,0,3,827432.4143465807
4514,4,3,2008,4.917683041345137,0,4,1046315.8960136625
2343,1,3,1974,3.79851628832759,1,5,507554.9440535184
1323,4,1,1986,4.384109919810825,1,6,362719.62685852055
2180,2,3,2019,1.5799521374148089,1,5,507967.8360673265
1173,3,1,1973,3.556396180405262,1,6,288382.46046148066
2328,2,1,1968,4.417852466675708,1,9,527715.5373919866
2616,3,2,1992,1.068738900825502,0,4,542247.1622628621
3261,4,1,1978,2.165110358642672,2,10,701493.9970692651
1446,1,2,2010,0.916251970725337,0,9,316282.80679770344
2832,4,1,2001,3.1653561697794306,1,6,656065.8419892447
1896,5,1,2003,0.9763395614505899,1,6,418888.6616954587
2135,3,3,1996,4.035393965881072,1,5,533039.4327952061
755,4,1,2017,2.4059656219635333,2,2,239234.57432207954
4686,1,1,1968,1.7286827869751304,0,4,923773.1293560603
3447,5,3,2021,4.264243207781151,2,3,830557.1687018349
3509,5,1,1977,1.2000714659118603,1,2,749610.4677553453
4462,4,2,2016,3.2075697380823325,1,4,1010589.32913523
2327,4,3,2005,4.609547061896554,0,1,585574.1096146859
2561,5,1,1983,0.5697874878196648,1,2,541967.633559251
1466,4,3,1954,3.4982053766556733,2,1,343678.93524860224
1811,4,2,2015,1.8304926767222862,1,8,436325.0761836845
2765,4,1,2002,3.0144467508097894,2,4,630531.7401285437
3065,3,1,1963,1.4730215410750087,2,10,611205.6889207754
1024,5,2,1998,3.995614994629496,2,1,323701.2441901499
1315,3,2,1981,2.7570906496307677,0,7,308618.40727220185
3949,1,1,2008,4.0314635682124464,0,5,833283.0644545743
3475,1,1,1983,2.9834471138953353,2,7,731899.435616318
3965,1,2,1977,4.983792321555749,0,2,846516.6709494363
3338,4,1,1958,1.026552761860758,2,8,671803.9439013259
1818,2,1,2008,3.4941434378850698,1,9,441001.3484190839
1581,1,2,1994,2.812328305594691,0,4,358458.3807510001
3160,1,3,1976,1.2183120564447525,0,6,627322.941247679
4718,1,1,2016,3.0702303438006244,2,6,981510.89525884
3781,2,1,2007,1.8445229197441322,1,5,826587.7969711117
1209,5,3,2011,3.865273584854323,2,2,368327.4567183169
2234,2,2,1985,3.3724500790632197,2,10,507847.58733911236
4743,4,2,2016,2.254548858309863,1,4,1037911.6519852468
4244,2,3,1973,3.622125006353353,0,1,926488.454118578
1528,4,1,1960,2.3673704693003517,0,9,323118.7393152309
2481,3,1,1991,0.7039367553240257,0,1,509725.550655089
